Column1,Column2
,0
0,스튜디오다옴
1,양산천연비누
2,양산천연비누원데이클래스
3,양산원데이클래스
4,양산학원
5,양산데이트
6,양산맛집
7,양산핫플레이스
8,증산역맛집
9,증산역데이트
10,부산대양산캠퍼스
11,부산대양산캠퍼스역
12,물금맛집
13,증산맛집
14,양산
15,부산대양산캠퍼스
16,공원
17,공원공사
18,워크디자인
19,인성갑
20,운동극혐
21,아힘드러
22,수로
23,분수대
24,캐드
25,멘붕
26,프로캐드러
27,빨리빨리
28,대리석시공
29,부산대리석
30,양산대리석
31,경남대리석
32,관급
33,관급공사
34,양산공원
35,이쁘게
36,만들게요
37,?
38,얼른
39,마감좀
40,스튜디오다옴
41,양산천연비누
42,양산천연비누원데이클래스
43,양산원데이클래스
44,양산학원
45,양산데이트
46,양산맛집
47,양산핫플레이스
48,증산역맛집
49,증산역데이트
50,부산대양산캠퍼스
51,부산대양산캠퍼스역
52,물금맛집
53,증산맛집
54,스튜디오다옴
55,양산천연비누
56,양산천연비누원데이클래스
57,양산원데이클래스
58,양산학원
59,양산데이트
60,양산맛집
61,양산핫플레이스
62,증산역맛집
63,증산역데이트
64,부산대양산캠퍼스
65,부산대양산캠퍼스역
66,물금맛집
67,증산맛집
68,양산
69,봄날
70,양산고기집
71,양산맛집
72,고기맛집
73,양산밥집
74,부산대양산캠퍼스
75,석산맛집
76,스튜디오다옴
77,양산천연비누
78,양산천연비누원데이클래스
79,양산원데이클래스
80,양산학원
81,양산데이트
82,양산맛집
83,양산핫플레이스
84,증산역맛집
85,증산역데이트
86,부산대양산캠퍼스
87,부산대양산캠퍼스역
88,물금맛집
89,증산맛집
90,구운통닭
91,스튜디오다옴
92,양산천연비누
93,양산천연비누원데이클래스
94,양산원데이클래스
95,양산학원
96,양산데이트
97,양산맛집
98,양산핫플레이스
99,증산역맛집
100,증산역데이트
101,부산대양산캠퍼스
102,부산대양산캠퍼스역
103,물금맛집
104,증산맛집
105,스튜디오다옴
106,양산천연비누
107,양산천연비누원데이클래스
108,양산원데이클래스
109,양산학원
110,양산데이트
111,양산맛집
112,양산핫플레이스
113,증산역맛집
114,증산역데이트
115,부산대양산캠퍼스
116,부산대양산캠퍼스역
117,물금맛집
118,증산맛집
119,양산
120,증산
121,물금
122,범어
123,석산
124,양산부산대병원
125,부산대양산캠퍼스
126,pt
127,pt샾
128,피티샾
129,물금pt
130,양산pt
131,증산pt
132,범어pt
133,석산pt
134,양산피티
135,물금피티
136,증산피티
137,석산피티
138,범어피티
139,양산헬스
140,양산바디프로필
141,LuFit
142,루핏
143,양산카페
144,물금카페
145,증산카페
146,양산
147,증산
148,물금
149,범어
150,석산
151,양산부산대병원
152,부산대양산캠퍼스
153,pt
154,pt샾
155,피티샾
156,물금pt
157,양산pt
158,증산pt
159,범어pt
160,석산pt
161,양산피티
162,물금피티
163,증산피티
164,석산피티
165,범어피티
166,양산헬스
167,양산바디프로필
168,LuFit
169,루핏
170,양산카페
171,물금카페
172,증산카페
173,양산
174,증산
175,물금
176,범어
177,석산
178,양산부산대병원
179,부산대양산캠퍼스
180,pt
181,pt샾
182,피티샾
183,물금pt
184,양산pt
185,증산pt
186,범어pt
187,석산pt
188,양산피티
189,물금피티
190,증산피티
191,석산피티
192,범어피티
193,양산헬스
194,양산바디프로필
195,LuFit
196,루핏
197,양산카페
198,물금카페
199,증산카페
200,정통요가
201,하타요가
202,아헹가요가
203,메디컬요가
204,메디컬테라피
205,도구요가
206,치유요가
207,교정요가
208,증산요가
209,범어요가
210,양산요가
211,부산대양산캠퍼스
212,소그룹요가
213,초보자요가
214,맨즈요가
215,인요가
216,아침요가
217,저녁요가
218,새벽요가
219,로운요가
220,양산
221,증산
222,물금
223,범어
224,석산
225,양산부산대병원
226,부산대양산캠퍼스
227,pt
228,pt샾
229,피티샾
230,물금pt
231,양산pt
232,증산pt
233,범어pt
234,석산pt
235,양산피티
236,물금피티
237,증산피티
238,석산피티
239,범어피티
240,양산헬스
241,양산바디프로필
242,LuFit
243,루핏
244,양산카페
245,물금카페
246,증산카페
247,양산맛집
248,서울3대치킨
249,오늘통닭
250,가맹문의
251,치킨창업
252,양산치킨
253,부산대양산캠퍼스
254,증산초등학교
255,범어리맛집
256,물금읍
257,좋반
258,좋아요
259,2022
260,5월
261,마지막날
262,말일
263,수고했어오늘도
264,6월
265,내일부터
266,또시작
267,화이팅??
268,6월목표
269,계획
270,휴무
271,짜기
272,양산
273,서연스푼
274,서연spoon
275,두루치기
276,두루치기맛있는집
277,우리는
278,배달의민족
279,배달맛집
280,양산맛집
281,부산대양산캠퍼스
282,다이어트식단
283,범어맛집
284,신도신
285,양산
286,증산
287,물금
288,범어
289,석산
290,양산부산대병원
291,부산대양산캠퍼스
292,pt
293,pt샾
294,피티샾
295,물금pt
296,양산pt
297,증산pt
298,범어pt
299,석산pt
300,양산피티
301,물금피티
302,증산피티
303,석산피티
304,범어피티
305,양산헬스
306,양산바디프로필
307,LuFit
308,루핏
309,양산카페
310,물금카페
311,증산카페
312,양산
313,증산
314,물금
315,범어
316,석산
317,양산부산대병원
318,부산대양산캠퍼스
319,pt
320,pt샾
321,피티샾
322,물금pt
323,양산pt
324,증산pt
325,범어pt
326,석산pt
327,양산피티
328,물금피티
329,증산피티
330,석산피티
331,범어피티
332,양산헬스
333,양산바디프로필
334,LuFit
335,루핏
336,양산카페
337,물금카페
338,증산카페
339,정통요가
340,하타요가
341,아헹가요가
342,메디컬요가
343,메디컬테라피
344,도구요가
345,치유요가
346,교정요가
347,증산요가
348,범어요가
349,양산요가
350,부산대양산캠퍼스
351,소그룹요가
352,초보자요가
353,맨즈요가
354,인요가
355,아침요가
356,저녁요가
357,새벽요가
358,로운요가
359,새벽요가
360,직장인요가
361,정통요가
362,하타요가
363,아헹가요가
364,메디컬요가
365,메디컬테라피
366,도구요가
367,치유요가
368,교정요가
369,증산요가
370,범어요가
371,양산요가
372,부산대양산캠퍼스
373,소그룹요가
374,초보자요가
375,맨즈요가
376,인요가
377,아침요가
378,저녁요가
379,초보자요가
380,로운요가
381,양산
382,증산
383,물금
384,범어
385,석산
386,양산부산대병원
387,부산대양산캠퍼스
388,pt
389,pt샾
390,피티샾
391,물금pt
392,양산pt
393,증산pt
394,범어pt
395,석산pt
396,양산피티
397,물금피티
398,증산피티
399,석산피티
400,범어피티
401,양산헬스
402,양산바디프로필
403,LuFit
404,루핏
405,양산카페
406,물금카페
407,증산카페
408,늦퇴
409,늦은퇴근
410,양산
411,서연스푼
412,서연spoon
413,두루치기
414,두루치기맛있는집
415,우리는
416,배달의민족
417,배달맛집
418,양산맛집
419,부산대양산캠퍼스
420,다이어트식단
421,범어맛집
422,신도신
423,양산
424,증산
425,물금
426,범어
427,석산
428,양산부산대병원
429,부산대양산캠퍼스
430,pt
431,pt샾
432,피티샾
433,물금pt
434,양산pt
435,증산pt
436,범어pt
437,석산pt
438,양산피티
439,물금피티
440,증산피티
441,석산피티
442,범어피티
443,양산헬스
444,양산바디프로필
445,LuFit
446,루핏
447,양산카페
448,물금카페
449,증산카페
450,사바아사나
451,정통요가
452,하타요가
453,아헹가요가
454,메디컬요가
455,메디컬테라피
456,도구요가
457,치유요가
458,교정요가
459,증산요가
460,범어요가
461,양산요가
462,부산대양산캠퍼스
463,소그룹요가
464,초보자요가
465,맨즈요가
466,인요가
467,아침요가
468,저녁요가
469,새벽요가
470,로운요가
471,부산대양산캠퍼스
472,행림제
473,학교축제
474,부산대
475,부산대양산캠퍼스
476,행림제
477,부산대
478,부산대양산캠퍼스
479,간다간다숑간다
480,정통요가
481,하타요가
482,아헹가요가
483,메디컬요가
484,메디컬테라피
485,도구요가
486,치유요가
487,교정요가
488,증산요가
489,범어요가
490,양산요가
491,부산대양산캠퍼스
492,소그룹요가
493,초보자요가
494,맨즈요가
495,인요가
496,아침요가
497,저녁요가
498,새벽요가
499,로운요가
500,양산
501,서연스푼
502,서연spoon
503,계란
504,계란말이
505,부산대양산캠퍼스
506,오경농장
507,젤란계란
508,양산맛집
509,물금맛집
510,증산맛집
511,범어맛집
512,가촌맛집
513,계란이왔어요
514,다이어트식단
515,다이어트
516,아주
517,좋아요
518,맞팔
519,맞팔환영
520,오늘도
521,오운완
522,냉장고
523,양산핫플
524,양산카페
525,양산
526,증산
527,물금
528,범어
529,석산
530,양산부산대병원
531,부산대양산캠퍼스
532,pt
533,pt샾
534,피티샾
535,물금pt
536,양산pt
537,증산pt
538,범어pt
539,석산pt
540,양산피티
541,물금피티
542,증산피티
543,석산피티
544,범어피티
545,양산헬스
546,양산바디프로필
547,LuFit
548,루핏
549,양산카페
550,물금카페
551,증산카페
552,정통요가
553,하타요가
554,아헹가요가
555,메디컬요가
556,메디컬테라피
557,도구요가
558,치유요가
559,교정요가
560,증산요가
561,범어요가
562,양산요가
563,부산대양산캠퍼스
564,소그룹요가
565,초보자요가
566,맨즈요가
567,인요가
568,아침요가
569,저녁요가
570,새벽요가
571,로운요가
572,양산
573,증산
574,물금
575,범어
576,석산
577,양산부산대병원
578,부산대양산캠퍼스
579,pt
580,pt샾
581,피티샾
582,물금pt
583,양산pt
584,증산pt
585,범어pt
586,석산pt
587,양산피티
588,물금피티
589,증산피티
590,석산피티
591,범어피티
592,양산헬스
593,양산바디프로필
594,LuFit
595,루핏
596,양산카페
597,물금카페
598,증산카페
599,양산
600,증산
601,물금
602,범어
603,석산
604,양산부산대병원
605,부산대양산캠퍼스
606,pt
607,pt샾
608,피티샾
609,물금pt
610,양산pt
611,증산pt
612,범어pt
613,석산pt
614,양산피티
615,물금피티
616,증산피티
617,석산피티
618,범어피티
619,양산헬스
620,양산바디프로필
621,LuFit
622,루핏
623,양산카페
624,물금카페
625,증산카페
626,양산
627,증산
628,물금
629,범어
630,석산
631,양산부산대병원
632,부산대양산캠퍼스
633,pt
634,pt샾
635,피티샾
636,물금pt
637,양산pt
638,증산pt
639,범어pt
640,석산pt
641,양산피티
642,물금피티
643,증산피티
644,석산피티
645,범어피티
646,양산헬스
647,양산바디프로필
648,LuFit
649,루핏
650,양산카페
651,물금카페
652,증산카페
653,프롭테라피
654,프롭요가
655,근막이완
656,두통완화
657,정통요가
658,하타요가
659,아헹가요가
660,메디컬요가
661,메디컬테라피
662,도구요가
663,치유요가
664,교정요가
665,증산요가
666,범어요가
667,양산요가
668,부산대양산캠퍼스
669,소그룹요가
670,초보자요가
671,맨즈요가
672,인요가
673,아침요가
674,저녁요가
675,새벽요가
676,로운요가
677,양산
678,증산
679,물금
680,범어
681,석산
682,양산부산대병원
683,부산대양산캠퍼스
684,pt
685,pt샾
686,피티샾
687,물금pt
688,양산pt
689,증산pt
690,범어pt
691,석산pt
692,양산피티
693,물금피티
694,증산피티
695,석산피티
696,범어피티
697,양산헬스
698,양산바디프로필
699,LuFit
700,루핏
701,양산카페
702,물금카페
703,증산카페
704,양산
705,증산
706,물금
707,범어
708,석산
709,양산부산대병원
710,부산대양산캠퍼스
711,pt
712,pt샾
713,피티샾
714,물금pt
715,양산pt
716,증산pt
717,범어pt
718,석산pt
719,양산피티
720,물금피티
721,증산피티
722,석산피티
723,범어피티
724,양산헬스
725,양산바디프로필
726,LuFit
727,루핏
728,양산카페
729,물금카페
730,증산카페
731,서연스푼
732,서연spoon
733,양산
734,부산대의학전문대학원
735,부산대치과대학
736,부산대간호학과
737,부산대양산캠퍼스
738,양산
739,증산
740,물금
741,범어
742,석산
743,양산부산대병원
744,부산대양산캠퍼스
745,pt
746,pt샾
747,피티샾
748,물금pt
749,양산pt
750,증산pt
751,범어pt
752,석산pt
753,양산피티
754,물금피티
755,증산피티
756,석산피티
757,범어피티
758,양산헬스
759,양산바디프로필
760,LuFit
761,루핏
762,양산카페
763,물금카페
764,증산카페
765,양산
766,증산
767,물금
768,범어
769,석산
770,양산부산대병원
771,부산대양산캠퍼스
772,pt
773,pt샾
774,피티샾
775,물금pt
776,양산pt
777,증산pt
778,범어pt
779,석산pt
780,양산피티
781,물금피티
782,증산피티
783,석산피티
784,범어피티
785,양산헬스
786,양산바디프로필
787,LuFit
788,루핏
789,양산카페
790,물금카페
791,증산카페
792,정통요가
793,하타요가
794,아헹가요가
795,메디컬요가
796,메디컬테라피
797,도구요가
798,치유요가
799,교정요가
800,증산요가
801,범어요가
802,양산요가
803,부산대양산캠퍼스
804,소그룹요가
805,초보자요가
806,맨즈요가
807,인요가
808,아침요가
809,저녁요가
810,새벽요가
811,로운요가
812,양산
813,증산
814,물금
815,범어
816,석산
817,양산부산대병원
818,부산대양산캠퍼스
819,pt
820,pt샾
821,피티샾
822,물금pt
823,양산pt
824,증산pt
825,범어pt
826,석산pt
827,양산피티
828,물금피티
829,증산피티
830,석산피티
831,범어피티
832,양산헬스
833,양산바디프로필
834,LuFit
835,루핏
836,양산카페
837,물금카페
838,증산카페
839,양산
840,증산
841,물금
842,범어
843,석산
844,양산부산대병원
845,부산대양산캠퍼스
846,pt
847,pt샾
848,피티샾
849,물금pt
850,양산pt
851,증산pt
852,범어pt
853,석산pt
854,양산피티
855,물금피티
856,증산피티
857,석산피티
858,범어피티
859,양산헬스
860,양산바디프로필
861,LuFit
862,루핏
863,양산카페
864,물금카페
865,증산카페
866,양산
867,증산
868,물금
869,범어
870,석산
871,양산부산대병원
872,부산대양산캠퍼스
873,pt
874,pt샾
875,피티샾
876,물금pt
877,양산pt
878,증산pt
879,범어pt
880,석산pt
881,양산피티
882,물금피티
883,증산피티
884,석산피티
885,범어피티
886,양산헬스
887,양산바디프로필
888,LuFit
889,루핏
890,양산카페
891,물금카페
892,증산카페
893,양산
894,증산
895,물금
896,범어
897,석산
898,양산부산대병원
899,부산대양산캠퍼스
900,pt
901,pt샾
902,피티샾
903,물금pt
904,양산pt
905,증산pt
906,범어pt
907,석산pt
908,양산피티
909,물금피티
910,증산피티
911,석산피티
912,범어피티
913,양산헬스
914,양산바디프로필
915,LuFit
916,루핏
917,양산카페
918,물금카페
919,증산카페
920,양산
921,증산
922,물금
923,범어
924,석산
925,양산부산대병원
926,부산대양산캠퍼스
927,pt
928,pt샾
929,피티샾
930,물금pt
931,양산pt
932,증산pt
933,범어pt
934,석산pt
935,양산피티
936,물금피티
937,증산피티
938,석산피티
939,범어피티
940,양산헬스
941,양산바디프로필
942,LuFit
943,루핏
944,양산카페
945,물금카페
946,증산카페
947,정통요가
948,하타요가
949,아헹가요가
950,메디컬요가
951,메디컬테라피
952,도구요가
953,치유요가
954,교정요가
955,증산요가
956,범어요가
957,양산요가
958,부산대양산캠퍼스
959,소그룹요가
960,초보자요가
961,맨즈요가
962,인요가
963,아침요가
964,저녁요가
965,새벽요가
966,로운요가
967,양산
968,증산
969,물금
970,범어
971,석산
972,양산부산대병원
973,부산대양산캠퍼스
974,pt
975,pt샾
976,피티샾
977,물금pt
978,양산pt
979,증산pt
980,범어pt
981,석산pt
982,양산피티
983,물금피티
984,증산피티
985,석산피티
986,범어피티
987,양산헬스
988,양산바디프로필
989,LuFit
990,루핏
991,양산카페
992,물금카페
993,증산카페
994,양산
995,증산
996,물금
997,범어
998,석산
999,양산부산대병원
1000,부산대양산캠퍼스
1001,pt
1002,pt샾
1003,피티샾
1004,물금pt
1005,양산pt
1006,증산pt
1007,범어pt
1008,석산pt
1009,양산피티
1010,물금피티
1011,증산피티
1012,석산피티
1013,범어피티
1014,양산헬스
1015,양산바디프로필
1016,LuFit
1017,루핏
1018,양산카페
1019,물금카페
1020,증산카페
1021,정통요가
1022,하타요가
1023,아헹가요가
1024,메디컬요가
1025,메디컬테라피
1026,도구요가
1027,치유요가
1028,교정요가
1029,증산요가
1030,범어요가
1031,양산요가
1032,부산대양산캠퍼스
1033,소그룹요가
1034,초보자요가
1035,맨즈요가
1036,인요가
1037,아침요가
1038,저녁요가
1039,새벽요가
1040,로운요가
1041,양산
1042,증산
1043,물금
1044,범어
1045,석산
1046,양산부산대병원
1047,부산대양산캠퍼스
1048,pt
1049,pt샾
1050,피티샾
1051,물금pt
1052,양산pt
1053,증산pt
1054,범어pt
1055,석산pt
1056,양산피티
1057,물금피티
1058,증산피티
1059,석산피티
1060,범어피티
1061,양산헬스
1062,양산바디프로필
1063,LuFit
1064,루핏
1065,양산카페
1066,물금카페
1067,증산카페
1068,양산
1069,증산
1070,물금
1071,범어
1072,석산
1073,양산부산대병원
1074,부산대양산캠퍼스
1075,pt
1076,pt샾
1077,피티샾
1078,물금pt
1079,양산pt
1080,증산pt
1081,범어pt
1082,석산pt
1083,양산피티
1084,물금피티
1085,증산피티
1086,석산피티
1087,범어피티
1088,양산헬스
1089,양산바디프로필
1090,LuFit
1091,루핏
1092,양산카페
1093,물금카페
1094,증산카페
1095,정통요가
1096,하타요가
1097,아헹가요가
1098,메디컬요가
1099,메디컬테라피
1100,도구요가
1101,치유요가
1102,교정요가
1103,증산요가
1104,범어요가
1105,양산요가
1106,부산대양산캠퍼스
1107,소그룹요가
1108,초보자요가
1109,맨즈요가
1110,인요가
1111,아침요가
1112,저녁요가
1113,새벽요가
1114,로운요가
1115,양산
1116,증산
1117,물금
1118,범어
1119,석산
1120,양산부산대병원
1121,부산대양산캠퍼스
1122,pt
1123,pt샾
1124,피티샾
1125,물금pt
1126,양산pt
1127,증산pt
1128,범어pt
1129,석산pt
1130,양산피티
1131,물금피티
1132,증산피티
1133,석산피티
1134,범어피티
1135,양산헬스
1136,양산바디프로필
1137,LuFit
1138,루핏
1139,양산카페
1140,물금카페
1141,증산카페
1142,양산
1143,운동상점
1144,무료개방
1145,헬스
1146,1일2회입장가능
1147,600평대
1148,헬스타그램
1149,헬린이
1150,헬스녀
1151,다이어트
1152,바디프로필
1153,재활운동
1154,pt잘하는곳
1155,뷰맛집
1156,마이마운틴
1157,천국의계단
1158,유산소운동
1159,부산대치과대학
1160,부산대의학전문대학원
1161,부산대간호학과
1162,부산대한의전
1163,부산대양산캠퍼스
1164,오운완
1165,오운완???
1166,데일리룩
1167,데일리
1168,양산
1169,증산
1170,물금
1171,범어
1172,석산
1173,양산부산대병원
1174,부산대양산캠퍼스
1175,pt
1176,pt샾
1177,피티샾
1178,물금pt
1179,양산pt
1180,증산pt
1181,범어pt
1182,석산pt
1183,양산피티
1184,물금피티
1185,증산피티
1186,석산피티
1187,범어피티
1188,양산헬스
1189,양산바디프로필
1190,LuFit
1191,루핏
1192,양산카페
1193,물금카페
1194,증산카페
1195,양산
1196,증산
1197,물금
1198,범어
1199,석산
1200,양산부산대병원
1201,부산대양산캠퍼스
1202,pt
1203,pt샾
1204,피티샾
1205,물금pt
1206,양산pt
1207,증산pt
1208,범어pt
1209,석산pt
1210,양산피티
1211,물금피티
1212,증산피티
1213,석산피티
1214,범어피티
1215,양산헬스
1216,양산바디프로필
1217,LuFit
1218,루핏
1219,양산카페
1220,물금카페
1221,증산카페
1222,양산
1223,증산
1224,물금
1225,범어
1226,석산
1227,양산부산대병원
1228,부산대양산캠퍼스
1229,pt
1230,pt샾
1231,피티샾
1232,물금pt
1233,양산pt
1234,증산pt
1235,범어pt
1236,석산pt
1237,양산피티
1238,물금피티
1239,증산피티
1240,석산피티
1241,범어피티
1242,양산헬스
1243,양산바디프로필
1244,LuFit
1245,루핏
1246,양산카페
1247,물금카페
1248,증산카페
1249,정통요가
1250,하타요가
1251,아헹가요가
1252,메디컬요가
1253,메디컬테라피
1254,도구요가
1255,치유요가
1256,교정요가
1257,증산요가
1258,범어요가
1259,양산요가
1260,부산대양산캠퍼스
1261,소그룹요가
1262,초보자요가
1263,맨즈요가
1264,인요가
1265,아침요가
1266,저녁요가
1267,새벽요가
1268,로운요가
1269,양산
1270,증산
1271,물금
1272,범어
1273,석산
1274,양산부산대병원
1275,부산대양산캠퍼스
1276,pt
1277,pt샾
1278,피티샾
1279,물금pt
1280,양산pt
1281,증산pt
1282,범어pt
1283,석산pt
1284,양산피티
1285,물금피티
1286,증산피티
1287,석산피티
1288,범어피티
1289,양산헬스
1290,양산바디프로필
1291,LuFit
1292,루핏
1293,양산카페
1294,물금카페
1295,증산카페
1296,양산
1297,증산
1298,물금
1299,범어
1300,석산
1301,양산부산대병원
1302,부산대양산캠퍼스
1303,pt
1304,pt샾
1305,피티샾
1306,물금pt
1307,양산pt
1308,증산pt
1309,범어pt
1310,석산pt
1311,양산피티
1312,물금피티
1313,증산피티
1314,석산피티
1315,범어피티
1316,양산헬스
1317,양산바디프로필
1318,LuFit
1319,루핏
1320,양산카페
1321,물금카페
1322,증산카페
1323,양산
1324,증산
1325,물금
1326,범어
1327,석산
1328,양산부산대병원
1329,부산대양산캠퍼스
1330,pt
1331,pt샾
1332,피티샾
1333,물금pt
1334,양산pt
1335,증산pt
1336,범어pt
1337,석산pt
1338,양산피티
1339,물금피티
1340,증산피티
1341,석산피티
1342,범어피티
1343,양산헬스
1344,양산바디프로필
1345,LuFit
1346,루핏
1347,양산카페
1348,물금카페
1349,증산카페
1350,양산
1351,증산
1352,물금
1353,범어
1354,석산
1355,양산부산대병원
1356,부산대양산캠퍼스
1357,pt
1358,pt샾
1359,피티샾
1360,물금pt
1361,양산pt
1362,증산pt
1363,범어pt
1364,석산pt
1365,양산피티
1366,물금피티
1367,증산피티
1368,석산피티
1369,범어피티
1370,양산헬스
1371,양산바디프로필
1372,LuFit
1373,루핏
1374,양산카페
1375,물금카페
1376,증산카페
1377,양산
1378,증산
1379,물금
1380,범어
1381,석산
1382,양산부산대병원
1383,부산대양산캠퍼스
1384,pt
1385,pt샾
1386,피티샾
1387,물금pt
1388,양산pt
1389,증산pt
1390,범어pt
1391,석산pt
1392,양산피티
1393,물금피티
1394,증산피티
1395,석산피티
1396,범어피티
1397,양산헬스
1398,양산바디프로필
1399,LuFit
1400,루핏
1401,양산카페
1402,물금카페
1403,증산카페
1404,양산
1405,증산
1406,물금
1407,범어
1408,석산
1409,양산부산대병원
1410,부산대양산캠퍼스
1411,pt
1412,pt샾
1413,피티샾
1414,물금pt
1415,양산pt
1416,증산pt
1417,범어pt
1418,석산pt
1419,양산피티
1420,물금피티
1421,증산피티
1422,석산피티
1423,범어피티
1424,양산헬스
1425,양산바디프로필
1426,LuFit
1427,루핏
1428,양산카페
1429,물금카페
1430,증산카페
1431,양산
1432,증산
1433,물금
1434,범어
1435,석산
1436,양산부산대병원
1437,부산대양산캠퍼스
1438,pt
1439,pt샾
1440,피티샾
1441,물금pt
1442,양산pt
1443,증산pt
1444,범어pt
1445,석산pt
1446,양산피티
1447,물금피티
1448,증산피티
1449,석산피티
1450,범어피티
1451,양산헬스
1452,양산바디프로필
1453,LuFit
1454,루핏
1455,양산카페
1456,물금카페
1457,증산카페
1458,양산
1459,증산
1460,물금
1461,범어
1462,석산
1463,양산부산대병원
1464,부산대양산캠퍼스
1465,pt
1466,pt샾
1467,피티샾
1468,물금pt
1469,양산pt
1470,증산pt
1471,범어pt
1472,석산pt
1473,양산피티
1474,물금피티
1475,증산피티
1476,석산피티
1477,범어피티
1478,양산헬스
1479,양산바디프로필
1480,LuFit
1481,루핏
1482,양산카페
1483,물금카페
1484,증산카페
1485,양산
1486,증산
1487,물금
1488,범어
1489,석산
1490,양산부산대병원
1491,부산대양산캠퍼스
1492,pt
1493,pt샾
1494,피티샾
1495,물금pt
1496,양산pt
1497,증산pt
1498,범어pt
1499,석산pt
1500,양산피티
1501,물금피티
1502,증산피티
1503,석산피티
1504,범어피티
1505,양산헬스
1506,양산바디프로필
1507,LuFit
1508,루핏
1509,양산카페
1510,물금카페
1511,증산카페
1512,양산
1513,운동상점
1514,부산대양산캠퍼스
1515,치대생
1516,의대생
1517,한의대생
1518,간호학과
1519,증산맛집
1520,다이어트
1521,diet
1522,감성
1523,burning
1524,증산
1525,양산
1526,헬스
1527,부산
1528,얼스타그램
1529,ootd
1530,데일리
1531,인친
1532,운동남
1533,운동하는여자
1534,훈남
1535,헬스타그램
1536,gym
1537,증산pt
1538,like4like
1539,소통
1540,좋아요
1541,웨이트트레이닝
1542,오운완
1543,양산
1544,증산
1545,물금
1546,범어
1547,석산
1548,양산부산대병원
1549,부산대양산캠퍼스
1550,pt
1551,pt샾
1552,피티샾
1553,물금pt
1554,양산pt
1555,증산pt
1556,범어pt
1557,석산pt
1558,양산피티
1559,물금피티
1560,증산피티
1561,석산피티
1562,범어피티
1563,양산헬스
1564,양산바디프로필
1565,LuFit
1566,루핏
1567,양산카페
1568,물금카페
1569,증산카페
1570,양산
1571,증산
1572,물금
1573,범어
1574,석산
1575,양산부산대병원
1576,부산대양산캠퍼스
1577,pt
1578,pt샾
1579,피티샾
1580,물금pt
1581,양산pt
1582,증산pt
1583,범어pt
1584,석산pt
1585,양산피티
1586,물금피티
1587,증산피티
1588,석산피티
1589,범어피티
1590,양산헬스
1591,양산바디프로필
1592,LuFit
1593,루핏
1594,양산카페
1595,물금카페
1596,증산카페
1597,정통요가
1598,하타요가
1599,아헹가요가
1600,메디컬요가
1601,메디컬테라피
1602,도구요가
1603,치유요가
1604,교정요가
1605,증산요가
1606,범어요가
1607,양산요가
1608,부산대양산캠퍼스
1609,소그룹요가
1610,초보자요가
1611,맨즈요가
1612,인요가
1613,아침요가
1614,저녁요가
1615,새벽요가
1616,로운요가
1617,양산
1618,증산
1619,물금
1620,범어
1621,석산
1622,양산부산대병원
1623,부산대양산캠퍼스
1624,pt
1625,pt샾
1626,피티샾
1627,물금pt
1628,양산pt
1629,증산pt
1630,범어pt
1631,석산pt
1632,양산피티
1633,물금피티
1634,증산피티
1635,석산피티
1636,범어피티
1637,양산헬스
1638,양산바디프로필
1639,LuFit
1640,루핏
1641,양산카페
1642,물금카페
1643,증산카페
1644,양산
1645,증산
1646,물금
1647,범어
1648,석산
1649,양산부산대병원
1650,부산대양산캠퍼스
1651,pt
1652,pt샾
1653,피티샾
1654,물금pt
1655,양산pt
1656,증산pt
1657,범어pt
1658,석산pt
1659,양산피티
1660,물금피티
1661,증산피티
1662,석산피티
1663,범어피티
1664,양산헬스
1665,양산바디프로필
1666,LuFit
1667,루핏
1668,양산카페
1669,물금카페
1670,증산카페
1671,양산
1672,증산
1673,물금
1674,범어
1675,석산
1676,양산부산대병원
1677,부산대양산캠퍼스
1678,pt
1679,pt샾
1680,피티샾
1681,물금pt
1682,양산pt
1683,증산pt
1684,범어pt
1685,석산pt
1686,양산피티
1687,물금피티
1688,증산피티
1689,석산피티
1690,범어피티
1691,양산헬스
1692,양산바디프로필
1693,LuFit
1694,루핏
1695,양산카페
1696,물금카페
1697,증산카페
1698,양산
1699,증산
1700,물금
1701,범어
1702,석산
1703,양산부산대병원
1704,부산대양산캠퍼스
1705,pt
1706,pt샾
1707,피티샾
1708,물금pt
1709,양산pt
1710,증산pt
1711,범어pt
1712,석산pt
1713,양산피티
1714,물금피티
1715,증산피티
1716,석산피티
1717,범어피티
1718,양산헬스
1719,양산바디프로필
1720,LuFit
1721,루핏
1722,양산카페
1723,물금카페
1724,증산카페
1725,삼겹살
1726,먹자
1727,치팅데이
1728,양산
1729,운동상점
1730,부산대양산캠퍼스
1731,치대생
1732,의대생
1733,한의대생
1734,간호학과
1735,증산맛집
1736,다이어트
1737,diet
1738,burning
1739,증산
1740,양산
1741,셀카
1742,헬스
1743,부산
1744,얼스타그램
1745,ootd
1746,데일리
1747,인친
1748,운동남
1749,운동하는여자
1750,훈남
1751,헬스타그램
1752,gym
1753,증산pt
1754,좋아요
1755,웨이트트레이닝
1756,양산
1757,증산
1758,물금
1759,범어
1760,석산
1761,양산부산대병원
1762,부산대양산캠퍼스
1763,pt
1764,pt샾
1765,피티샾
1766,물금pt
1767,양산pt
1768,증산pt
1769,범어pt
1770,석산pt
1771,양산피티
1772,물금피티
1773,증산피티
1774,석산피티
1775,범어피티
1776,양산헬스
1777,양산바디프로필
1778,LuFit
1779,루핏
1780,양산카페
1781,물금카페
1782,증산카페
1783,오운완
1784,웨이트
1785,여름준비
1786,양산
1787,운동상점
1788,부산대양산캠퍼스
1789,치대생
1790,의대생
1791,한의대생
1792,간호학과
1793,증산맛집
1794,다이어트
1795,diet
1796,감성
1797,burning
1798,증산
1799,양산
1800,셀카
1801,헬스
1802,부산
1803,얼스타그램
1804,ootd
1805,데일리
1806,인친
1807,운동남
1808,운동하는여자
1809,훈남
1810,헬스타그램
1811,증산pt
1812,좋아요
1813,웨이트트레이닝
1814,대학원생의삶
1815,부산대양산캠퍼스
1816,한의전문대학
1817,통합예술치료학과
1818,양산
1819,증산
1820,물금
1821,범어
1822,석산
1823,양산부산대병원
1824,부산대양산캠퍼스
1825,pt
1826,pt샾
1827,피티샾
1828,물금pt
1829,양산pt
1830,증산pt
1831,범어pt
1832,석산pt
1833,양산피티
1834,물금피티
1835,증산피티
1836,석산피티
1837,범어피티
1838,양산헬스
1839,양산바디프로필
1840,LuFit
1841,루핏
1842,양산카페
1843,물금카페
1844,증산카페
1845,오운완
1846,바디프로필준비
1847,여름준비
1848,양산
1849,운동상점
1850,부산대양산캠퍼스
1851,치대생
1852,의대생
1853,한의대생
1854,간호학과
1855,증산맛집
1856,다이어트
1857,diet
1858,감성
1859,burning
1860,증산
1861,양산
1862,셀카
1863,헬스
1864,부산
1865,얼스타그램
1866,ootd
1867,데일리
1868,인친
1869,운동남
1870,운동하는여자
1871,헬스타그램
1872,gym
1873,증산pt
1874,좋아요
1875,웨이트트레이닝
1876,양산
1877,증산
1878,물금
1879,범어
1880,석산
1881,양산부산대병원
1882,부산대양산캠퍼스
1883,pt
1884,pt샾
1885,피티샾
1886,물금pt
1887,양산pt
1888,증산pt
1889,범어pt
1890,석산pt
1891,양산피티
1892,물금피티
1893,증산피티
1894,석산피티
1895,범어피티
1896,양산헬스
1897,양산바디프로필
1898,LuFit
1899,루핏
1900,양산카페
1901,물금카페
1902,증산카페
1903,정통요가
1904,하타요가
1905,아헹가요가
1906,메디컬요가
1907,메디컬테라피
1908,도구요가
1909,치유요가
1910,교정요가
1911,증산요가
1912,범어요가
1913,양산요가
1914,부산대양산캠퍼스
1915,소그룹요가
1916,초보자요가
1917,맨즈요가
1918,인요가
1919,아침요가
1920,저녁요가
1921,새벽요가
1922,로운요가
1923,양산
1924,증산
1925,물금
1926,범어
1927,석산
1928,양산부산대병원
1929,부산대양산캠퍼스
1930,pt
1931,pt샾
1932,피티샾
1933,물금pt
1934,양산pt
1935,증산pt
1936,범어pt
1937,석산pt
1938,양산피티
1939,물금피티
1940,증산피티
1941,석산피티
1942,범어피티
1943,양산헬스
1944,양산바디프로필
1945,LuFit
1946,루핏
1947,양산카페
1948,물금카페
1949,증산카페
1950,코로나꺼져
1951,코로나극복이벤트
1952,양산
1953,증산
1954,물금
1955,범어
1956,석산
1957,양산부산대병원
1958,부산대양산캠퍼스
1959,pt
1960,pt샾
1961,피티샾
1962,물금pt
1963,양산pt
1964,증산pt
1965,범어pt
1966,석산pt
1967,양산피티
1968,물금피티
1969,증산피티
1970,석산피티
1971,범어피티
1972,양산헬스
1973,양산바디프로필
1974,LuFit
1975,루핏
1976,양산카페
1977,물금카페
1978,증산카페
1979,봄이왔나봄??
1980,부산대양산캠퍼스
1981,낙동고
1982,봄
1983,봄봄봄이왔어요??
1984,부산대양산캠퍼스
1985,BCE
1986,봄
1987,봄봄봄??
1988,핑크캠퍼스
1989,부산대양산캠퍼스
1990,BCE
1991,경남
1992,양산
1993,증산
1994,물금
1995,부산대양산캠퍼스
1996,양산핫플카페
1997,라드카페
1998,라드펍
1999,커피도맛있고
2000,술도맛있고
2001,놀거리
2002,즐길거리
2003,먹거리
2004,만땅
2005,보드게임
2006,오락기
2007,다트
2008,셀카
2009,선팔
2010,맞팔
2011,좋아요테러
2012,소통해요
2013,댓글반사
2014,팔로우환영
2015,양산데이트
2016,양산한강라면
2017,분위기좋은술집
2018,사진
2019,양산
2020,증산
2021,물금
2022,범어
2023,석산
2024,양산부산대병원
2025,부산대양산캠퍼스
2026,pt
2027,pt샾
2028,피티샾
2029,물금pt
2030,양산pt
2031,증산pt
2032,범어pt
2033,석산pt
2034,양산피티
2035,물금피티
2036,증산피티
2037,석산피티
2038,범어피티
2039,양산헬스
2040,양산바디프로필
2041,LuFit
2042,루핏
2043,양산카페
2044,물금카페
2045,증산카페
2046,양산
2047,증산
2048,물금
2049,범어
2050,석산
2051,양산부산대병원
2052,부산대양산캠퍼스
2053,pt
2054,pt샾
2055,피티샾
2056,물금pt
2057,양산pt
2058,증산pt
2059,범어pt
2060,석산pt
2061,양산피티
2062,물금피티
2063,증산피티
2064,석산피티
2065,범어피티
2066,양산헬스
2067,양산바디프로필
2068,LuFit
2069,루핏
2070,양산카페
2071,물금카페
2072,증산카페
2073,경남
2074,양산
2075,부산
2076,마산
2077,창원
2078,양산핫플레이스
2079,양산카페추천
2080,증산카페
2081,물금카페
2082,부산대양산캠퍼스
2083,이쁜카페??
2084,보드게임카페
2085,오락기
2086,다트
2087,선팔
2088,맞팔환영
2089,좋아요
2090,소통
2091,팔로우
2092,셀피
2093,셀카
2094,패션스타그램
2095,양산
2096,증산
2097,물금
2098,범어
2099,석산
2100,양산부산대병원
2101,부산대양산캠퍼스
2102,pt
2103,pt샾
2104,피티샾
2105,물금pt
2106,양산pt
2107,증산pt
2108,범어pt
2109,석산pt
2110,양산피티
2111,물금피티
2112,증산피티
2113,석산피티
2114,범어피티
2115,양산헬스
2116,양산바디프로필
2117,LuFit
2118,루핏
2119,양산카페
2120,물금카페
2121,증산카페
2122,경남
2123,부산
2124,마산
2125,창원
2126,양산
2127,증산
2128,물금
2129,부산대양산캠퍼스
2130,양산핫플
2131,라드카페
2132,카페맛집
2133,커피맛집??
2134,양산카페
2135,물금카페
2136,증산카페
2137,양산술집
2138,술맛집
2139,펍
2140,이쁜카페
2141,이쁜조명
2142,인생샷카페
2143,테라스
2144,선팔
2145,맞팔
2146,좋아요반사
2147,팔로우
2148,소통
2149,셀피
2150,셀카
2151,양산pt
2152,범어pt
2153,양산카페
2154,양산핫플
2155,증산
2156,물금
2157,부산대양산캠퍼스
2158,경남
2159,양산맛집
2160,물금카페
2161,커피
2162,술스타그램
2163,사진맛집
2164,오락기
2165,보드게임카페
2166,다트
2167,먹거리
2168,즐길거리
2169,선팔하면맞팔
2170,팔로우
2171,좋아요
2172,좋아요반사
2173,소통
2174,인테리어조명
2175,라드카페
2176,셀피
2177,셀카
2178,얼스타그램
2179,양산
2180,증산
2181,물금
2182,범어
2183,석산
2184,양산부산대병원
2185,부산대양산캠퍼스
2186,pt
2187,pt샾
2188,피티샾
2189,물금pt
2190,양산pt
2191,증산pt
2192,범어pt
2193,석산pt
2194,양산피티
2195,물금피티
2196,증산피티
2197,석산피티
2198,범어피티
2199,양산헬스
2200,양산바디프로필
2201,LuFit
2202,루핏
2203,양산카페
2204,물금카페
2205,증산카페
